Description,Price,ImageLink,Rating,ReviewCount,Url
Amazon Basics Classic Puresoft Padded Mid-Back Office Computer Desk Chair with Armrest - Black,$77.66,https://m.media-amazon.com/images/I/71i08qnZeDL._AC_UL320_.jpg,4.2 out of 5 stars,"23,702",https://www.amazon.com/gp/slredirect/picassoRedirect.html/ref=pa_sp_atf_aps_sr_pg1_1?ie=UTF8&adId=A033751225Q1QCADXI8YQ&url=%2FAmazonBasics-Puresoft-PU-Padded-Mid-Back-Computer%2Fdp%2FB081H3Y5NW%2Fref%3Dsr_1_1_sspa%3Fkeywords%3Dchairs%26qid%3D1662880427%26sr%3D8-1-spons%26psc%3D1&qualifier=1662880427&id=3740966683477972&widgetName=sp_atf
"Amazon Basics Folding Plastic Chair with 350-Pound Capacity - 6-Pack, White",$153.43,https://m.media-amazon.com/images/I/71DIQnPJKPL._AC_UL320_.jpg,4.7 out of 5 stars,"6,538",https://www.amazon.com/AmazonBasics-Folding-Plastic-350-Pound-Capacity/dp/B07SPYD4MW/ref=sr_1_2?keywords=chairs&qid=1662880427&sr=8-2
"Home Office Chair Ergonomic Desk Chair Mesh Computer Chair with Lumbar Support Armrest Executive Rolling Swivel Adjustable Mid Back Task Chair for Women Adults, Black",$31.88,https://m.media-amazon.com/images/I/716tq9Y8WOL._AC_UL320_.jpg,4.3 out of 5 stars,"44,511",https://www.amazon.com/Black-Office-Chair-Computer-Adjustable/dp/B00FS3VJAO/ref=sr_1_3?keywords=chairs&qid=1662880427&sr=8-3
"Home Office Chair, Mesh Mid High Back Ergonomic Computer Executive Task Desk with Lumbar Support, Armrest, Rocking Swivel Tilt Function, Wheels, Sponge Seat Cushions for Adult",$59.99,https://m.media-amazon.com/images/I/41Ii1M4QnxL._AC_UL320_.jpg,4.8 out of 5 stars,18,https://www.amazon.com/gp/slredirect/picassoRedirect.html/ref=pa_sp_atf_aps_sr_pg1_1?ie=UTF8&adId=A0869986PVZCNQ064AFW&url=%2FChair-Mesh-Ergonomic-Computer-Executive%2Fdp%2FB0B6FSDWPX%2Fref%3Dsr_1_4_sspa%3Fkeywords%3Dchairs%26qid%3D1662880427%26sr%3D8-4-spons%26psc%3D1&qualifier=1662880427&id=3740966683477972&widgetName=sp_atf
"Furmax Pre Assembled Modern Style Dining Chair Mid Century Modern DSW Chair, Shell Lounge Plastic Chair for Kitchen, Dining, Bedroom, Living Room Side Chairs Set of 4(White)",$79.99,https://m.media-amazon.com/images/I/51ZcEzEjiIL._AC_UL320_.jpg,4.3 out of 5 stars,"8,100",https://www.amazon.com/Furmax-Assembled-Century-Plastic-Kitchen/dp/B075DCHX5G/ref=sr_1_5?keywords=chairs&qid=1662880427&sr=8-5
Neo Chair Office Computer Desk Chair Gaming-Ergonomic Mid Back Cushion Lumbar Support with Wheels Comfortable Blue Mesh Racing Seat Adjustable Swivel Rolling Home Executive (Black),$59.98,https://m.media-amazon.com/images/I/71EgGUGVrrL._AC_UL320_.jpg,4.0 out of 5 stars,"14,388",https://www.amazon.com/neo-chair-Gaming-Ergonomic-Comfortable-Adjustable/dp/B08KSCDM47/ref=sr_1_6?keywords=chairs&qid=1662880427&sr=8-6
"Furmax Office Chair Mid Back Swivel Lumbar Support Desk Chair, Computer Ergonomic Mesh Chair with Armrest (Black)",$27.98,https://m.media-amazon.com/images/I/71ohGSWApfL._AC_UL320_.jpg,4.2 out of 5 stars,"51,743",https://www.amazon.com/Furmax-Support-Computer-Ergonomic-Armrest/dp/B07B7K7N3P/ref=sr_1_7?keywords=chairs&qid=1662880427&sr=8-7
"Simple Deluxe Task Office Chair, Black",$101.89,https://m.media-amazon.com/images/I/71wy88f9lsL._AC_UL320_.jpg,3.6 out of 5 stars,"2,072",https://www.amazon.com/Simple-Deluxe-Ergonomic-Computer-Adjustable/dp/B08K926VH7/ref=sr_1_8?keywords=chairs&qid=1662880427&sr=8-8
Flash Furniture Hercules™ Series Plastic Folding Chair - Black - 10 Pack 650LB Weight Capacity Comfortable Event Chair-Lightweight Folding Chair,$235.14,https://m.media-amazon.com/images/I/41tCp4xVAcS._AC_UL320_.jpg,4.7 out of 5 stars,"5,542",https://www.amazon.com/Flash-Furniture-HERCULES-Capacity-Premium/dp/B00EQ1TJII/ref=sr_1_9?keywords=chairs&qid=1662880427&sr=8-9
Amazon Basics Classic Faux Leather Office Desk Guest Chair with Metal Frame - Black,$97.50,https://m.media-amazon.com/images/I/71b431kv7XL._AC_UL320_.jpg,4.5 out of 5 stars,"4,072",https://www.amazon.com/AmazonBasics-Classic-Leather-Office-Guest/dp/B072Y5MZQH/ref=sr_1_10?keywords=chairs&qid=1662880427&sr=8-10
Modway EEI-757-BLK Articulate Ergonomic Mesh Office Chair in Black,$158.99,https://m.media-amazon.com/images/I/71gavwgSu1S._AC_UL320_.jpg,4.1 out of 5 stars,"5,859",https://www.amazon.com/Modway-Articulate-Ergonomic-Office-Chair/dp/B006IY89ZA/ref=sr_1_11?keywords=chairs&qid=1662880427&sr=8-11
"Desk Chair, Ergonomic Mesh Office Chair High Back Computer Chair with Adjustable Headrest,Lumbar Support, Tilt Function,Swivel Rolling, Soft PU Armrest Task Chair Home Office Desk Chairs",$95.99,https://m.media-amazon.com/images/I/610O+l0JSIL._AC_UL320_.jpg,4.3 out of 5 stars,805,https://www.amazon.com/Ergonomic-Computer-Adjustable-Headrest-Function/dp/B09PFX9F5T/ref=sr_1_12?keywords=chairs&qid=1662880427&sr=8-12
"COSCO Vinyl Folding Chair, 4 Pack, Black",$131.80,https://m.media-amazon.com/images/I/71u0ct+jlRL._AC_UL320_.jpg,4.6 out of 5 stars,"3,946",https://www.amazon.com/Cosco-Vinyl-Folding-Chair-4-pack/dp/B00DQC9HRG/ref=sr_1_13?keywords=chairs&qid=1662880427&sr=8-13
"Amazon Basics Mesh, Mid-Back, Adjustable, Swivel Office Desk Chair with Armrests, Black",$61.99,https://m.media-amazon.com/images/I/91vH3ZqS2sL._AC_UL320_.jpg,4.4 out of 5 stars,"14,909",https://www.amazon.com/AmazonBasics-Mid-Back-Office-Chair-Armrests/dp/B00IIFW2L4/ref=sr_1_14?keywords=chairs&qid=1662880427&sr=8-14
Amazon Basics Classic Puresoft Padded Mid-Back Office Computer Desk Chair with Armrest - Cream,$77.66,https://m.media-amazon.com/images/I/61X-aFnK9NL._AC_UL320_.jpg,4.2 out of 5 stars,"23,702",https://www.amazon.com/AmazonBasics-Puresoft-PU-Padded-Mid-Back-Computer/dp/B081H44MHD/ref=sr_1_15?keywords=chairs&qid=1662880427&sr=8-15
"CangLong , Modern Mid-Century Side Chair with Natural Wood Legs for Kitchen, Living Dining Room, White",$64.99,https://m.media-amazon.com/images/I/41gsbFGNaAS._AC_UL320_.jpg,4.1 out of 5 stars,"2,380",https://www.amazon.com/CangLong-Modern-Mid-Century-Natural-Kitchen/dp/B082C2X5CT/ref=sr_1_16?keywords=chairs&qid=1662880427&sr=8-16
"CangLong Modern Mid Century Plastic Shell Hollow Matal Legs Dining Chairs, set of 2, White 2",$99.12,https://m.media-amazon.com/images/I/51qtRCevPTL._AC_UL320_.jpg,4.7 out of 5 stars,286,https://www.amazon.com/gp/slredirect/picassoRedirect.html/ref=pa_sp_mtf_aps_sr_pg1_1?ie=UTF8&adId=A00945152ZHUXUQWGK39J&url=%2FCangLong-Modern-Century-Plastic-Dining-Chairs%2Fdp%2FB08RTC9PWZ%2Fref%3Dsr_1_17_sspa%3Fkeywords%3Dchairs%26qid%3D1662880427%26sr%3D8-17-spons%26psc%3D1&qualifier=1662880427&id=3740966683477972&widgetName=sp_mtf
Homall Gaming Chair Office Chair High Back Computer Chair Leather Desk Chair Racing Executive Ergonomic Adjustable Swivel Task Chair with Headrest and Lumbar Support (White),$109.99,https://m.media-amazon.com/images/I/61HEqHMkRhL._AC_UL320_.jpg,4.4 out of 5 stars,"68,139",https://www.amazon.com/Homall-Computer-Executive-Ergonomic-Adjustable/dp/B01MRZ02TL/ref=sr_1_18?keywords=chairs&qid=1662880427&sr=8-18
"HollyHOME Modern Fabric Lazy Chair, Accent Contemporary Lounge Chair, Single Steel Frame Leisure Sofa Chair with Armrests and A Side Pocket, Grey",$156.99,https://m.media-amazon.com/images/I/612EUC3nMWL._AC_UL320_.jpg,4.5 out of 5 stars,"3,219",https://www.amazon.com/HollyHOME-Modern-Contemporary-Leisure-Armrests/dp/B07XXS2Y1K/ref=sr_1_19?keywords=chairs&qid=1662880427&sr=8-19
"CangLong Mid Century Modern DSW Side Chair with Wood Legs for Kitchen, Living Dining Room, Set of 2, White",$130.64,https://m.media-amazon.com/images/I/51uKS2Pva6L._AC_UL320_.jpg,4.5 out of 5 stars,"2,052",https://www.amazon.com/CangLong-Century-Modern-Kitchen-Living/dp/B082FGYMNC/ref=sr_1_20?keywords=chairs&qid=1662880427&sr=8-20
Devoko Office Reception Chairs Executive Leather Guest Chairs with Armrest Ergonomic Upholstered Lumber Support Side Chairs Set of 2,$111.99,https://m.media-amazon.com/images/I/61JCCY8yiNL._AC_UL320_.jpg,4.4 out of 5 stars,624,https://www.amazon.com/Devoko-Reception-Executive-Ergonomic-Upholstered/dp/B07L2S5XGF/ref=sr_1_21?keywords=chairs&qid=1662880427&sr=8-21
"Amazon Basics Padded Office Desk Chair with Armrests, Adjustable Height/Tilt, 360-Degree Swivel, 275Lb Capacity - Dark Brown",$77.66,https://m.media-amazon.com/images/I/71yH3L1nNML._AC_UL320_.jpg,4.3 out of 5 stars,"26,084",https://www.amazon.com/Amazon-Basics-Ergonomic-Adjustable-360-Degree/dp/B0735WMNT5/ref=sr_1_22?keywords=chairs&qid=1662880427&sr=8-22
"Chairs Metal Stackable Restaurant Dining Chair 18"" Seat Height Bar Chairs Indoor/Outdoor Tolix Side Metal Kitchen Trattoria Chairs Set of 4",$85.99,https://m.media-amazon.com/images/I/61zNRA7wnuL._AC_UL320_.jpg,4.7 out of 5 stars,"7,047",https://www.amazon.com/FDW-Metal-Restaurant-Stackable-Capacity/dp/B06XKSGR2L/ref=sr_1_23?keywords=chairs&qid=1662880427&sr=8-23
"Lifestyle Solutions Lexington Armchair, 39.8"" W x 31.1"" D x 33.5"" H, Navy Blue",$189.00,https://m.media-amazon.com/images/I/91lKV2rxnIL._AC_UL320_.jpg,4.4 out of 5 stars,"1,298",https://www.amazon.com/Lifestyle-Solutions-LK-LGFSP1GU3051-Lexington-Chair/dp/B01MYDY0NV/ref=sr_1_24?keywords=chairs&qid=1662880427&sr=8-24
"TERAO Big & Tall 400lb Office Chair - Adjustable Lumbar Support, Heavy Duty Metal Base and Tilt Angle Large High Back Bonded Leather Ergonomic Executive Desk Computer Swivel Chair, Black",$299.99,https://m.media-amazon.com/images/I/61qCj94FIRL._AC_UL320_.jpg,4.3 out of 5 stars,58,https://www.amazon.com/TERAO-Tall-400lb-Office-Chair/dp/B09VX1XK4S/ref=sr_1_25?keywords=chairs&qid=1662880427&sr=8-25
"Office Chair, KERDOM Ergonomic Desk Chair, Breathable Mesh Computer Chair, Comfy Swivel Task Chair with Flip-up Armrests and Adjustable Height",$104.96,https://m.media-amazon.com/images/I/61ZlZHiRBSL._AC_UL320_.jpg,4.4 out of 5 stars,"1,291",https://www.amazon.com/KERDOM-Ergonomic-Breathable-Computer-Adjustable/dp/B0957N9LN6/ref=sr_1_26?keywords=chairs&qid=1662880427&sr=8-26
"Homall Office Chair High Back Computer Chair Ergonomic Desk Chair, PU Leather Adjustable Height Modern Executive Swivel Task Chair with Padded Armrests and Lumbar Support (Black)",$108.99,https://m.media-amazon.com/images/I/61R8L39ps9L._AC_UL320_.jpg,4.3 out of 5 stars,"4,554",https://www.amazon.com/Homall-Computer-Ergonomic-Adjustable-Executive/dp/B09W5LLQXL/ref=sr_1_27?keywords=chairs&qid=1662880427&sr=8-27
"Office Chair Ergonomic Cheap Desk Chair Mesh Computer Chair Lumbar Support Modern Executive Adjustable Stool Rolling Swivel Chair for Back Pain, Black",$33.99,https://m.media-amazon.com/images/I/61v2Wcz3VpL._AC_UL320_.jpg,4.3 out of 5 stars,"44,130",https://www.amazon.com/Ergonomic-Computer-Office-Midback-Chair/dp/B0147WIC7E/ref=sr_1_28?keywords=chairs&qid=1662880427&sr=8-28
"Amazon Basics Metal Dining Chairs - Set of 4, Dark Grey",$148.50,https://m.media-amazon.com/images/I/71PVMCmLnjS._AC_UL320_.jpg,4.6 out of 5 stars,475,https://www.amazon.com/Amazon-Basics-Metal-Dining-Chairs/dp/B08XWM9BQR/ref=sr_1_29?keywords=chairs&qid=1662880427&sr=8-29
"Ergonomic Office Chair, KERDOM Breathable Mesh Desk Chair, Lumbar Support Computer Chair with Headrest and Flip-up Arms, Swivel Task Chair, Adjustable Height Gaming Chair(Black)",$179.99,https://m.media-amazon.com/images/I/71hdFjDreyL._AC_UL320_.jpg,4.3 out of 5 stars,365,https://www.amazon.com/Ergonomic-KERDOM-Breathable-Computer-Adjustable/dp/B0B42MH6YR/ref=sr_1_30?keywords=chairs&qid=1662880427&sr=8-30
"OFM ESS Collection Bonded Leather Executive Side Chair, in Black (ESS-9010)",$151.59,https://m.media-amazon.com/images/I/71bqETlUfYL._AC_UL320_.jpg,4.6 out of 5 stars,"3,128",https://www.amazon.com/Essentials-Leather-Executive-Side-Chair/dp/B01LXCC9H8/ref=sr_1_31?keywords=chairs&qid=1662880427&sr=8-31
"Giantex Set of 5 Conference Chair with Ergonomic Upholstered Seat,Elegant and Stackable Design for Office,Waiting Room, Guest Room, 5 Pieces Reception Executive Chair Set (31.5 H)",$339.99,https://m.media-amazon.com/images/I/61KXN0H3GDL._AC_UL320_.jpg,4.2 out of 5 stars,373,https://www.amazon.com/Giantex-Conference-Elegant-Waiting-Reception/dp/B01MT17XFF/ref=sr_1_32?keywords=chairs&qid=1662880427&sr=8-32
Furniwell Dining Chairs Fabric Upholstered Parson Urban Style Kitchen Side Padded Chair with Solid Wood Legs Set of 4 (Beige),$119.99,https://m.media-amazon.com/images/I/81D-fq18aTL._AC_UL320_.jpg,3.8 out of 5 stars,"2,309",https://www.amazon.com/gp/slredirect/picassoRedirect.html/ref=pa_sp_mtf_aps_sr_pg1_1?ie=UTF8&adId=A07653743GJZKQAN12X3J&url=%2FFurniwell-Dining-Chairs-Upholstered-Kitchen%2Fdp%2FB07SJFXCXN%2Fref%3Dsr_1_33_sspa%3Fkeywords%3Dchairs%26qid%3D1662880427%26sr%3D8-33-spons%26psc%3D1&qualifier=1662880427&id=3740966683477972&widgetName=sp_mtf
Set of 6 Chairs for Dining Room Mid Century Modern Fabric Upholstered Living Chairs,$309.99,https://m.media-amazon.com/images/I/81KGUxWXpqL._AC_UL320_.jpg,3.9 out of 5 stars,633,https://www.amazon.com/gp/slredirect/picassoRedirect.html/ref=pa_sp_mtf_aps_sr_pg1_1?ie=UTF8&adId=A08244452HLJI97SBG4KJ&url=%2FChairs-Dining-Century-Modern-Upholstered%2Fdp%2FB07TZNFWCL%2Fref%3Dsr_1_34_sspa%3Fkeywords%3Dchairs%26qid%3D1662880427%26sr%3D8-34-spons%26psc%3D1&qualifier=1662880427&id=3740966683477972&widgetName=sp_mtf
DAGONHIL Modern Walnut Dining Chair Armrests Wooden Chair with Leather Cushion Backrest for Kitchen Dining Room(Pack 1),$89.99,https://m.media-amazon.com/images/I/71BcKYHofcL._AC_UL320_.jpg,4.2 out of 5 stars,74,https://www.amazon.com/gp/slredirect/picassoRedirect.html/ref=pa_sp_mtf_aps_sr_pg1_1?ie=UTF8&adId=A03675582NR1BRABBOTLB&url=%2FDAGONHIL-Armrests-Leather-Cushion-Backrest%2Fdp%2FB085G7889W%2Fref%3Dsr_1_35_sspa%3Fkeywords%3Dchairs%26qid%3D1662880427%26sr%3D8-35-spons%26psc%3D1&qualifier=1662880427&id=3740966683477972&widgetName=sp_mtf
Milliard Cozy Chair/Faux Fur Saucer Chair for Bedroom/X-Large (Blue),$119.99,https://m.media-amazon.com/images/I/617+xmB+iFL._AC_UL320_.jpg,4.4 out of 5 stars,"4,638",https://www.amazon.com/Milliard-Chair-Saucer-Bedroom-X-Large/dp/B08L6ZN972/ref=sr_1_36?keywords=chairs&qid=1662880427&sr=8-36
"High-Back Gaming Chair PC Office Chair Computer Racing Chair PU Desk Task Chair Ergonomic Executive Swivel Rolling Chair with Lumbar Support for Back Pain Women, Men (White)",$99.98,https://m.media-amazon.com/images/I/61t4mpabO+L._AC_UL320_.jpg,4.5 out of 5 stars,"15,408",https://www.amazon.com/High-Back-Chair-Office-Ergonomic-Executive/dp/B07KJYY9BD/ref=sr_1_37?keywords=chairs&qid=1662880427&sr=8-37
"Ergonomic Office Chair - Home Desk Mesh Chair with Fixed Armrest, Executive Computer Chair with Soft Foam Seat Cushion and Lumbar Support, Grey",$76.00,https://m.media-amazon.com/images/I/71Gp-Lx1XGL._AC_UL320_.jpg,4.4 out of 5 stars,55,https://www.amazon.com/Ergonomic-Office-Chair-Executive-Computer/dp/B0B5XM19GZ/ref=sr_1_38?keywords=chairs&qid=1662880427&sr=8-38
"High Back Office Chair- Flip Arms Adjustable Built-in Lumbar Support, Executive Computer Desk Chair Work Chairs, Thick Padded Strong Metal Base Quiet Wheels, Ergonomic Design for Back Pain",$249.99,https://m.media-amazon.com/images/I/61hzqDQFvDL._AC_UL320_.jpg,4.4 out of 5 stars,50,https://www.amazon.com/Adjustable-Support-Executive-Computer-Ergonomic/dp/B09YRHMQN8/ref=sr_1_39?keywords=chairs&qid=1662880427&sr=8-39
"CangLong Leisure Modern Living Dining Room Accent Arm Chairs Club Guest with Solid Wood Legs, Set of 2, Grey",$209.10,https://m.media-amazon.com/images/I/61WDGH0s49L._AC_UL320_.jpg,4.2 out of 5 stars,114,https://www.amazon.com/CangLong-Leisure-Modern-Living-Dining/dp/B0853M3VLP/ref=sr_1_40?keywords=chairs&qid=1662880427&sr=8-40
"Amazon Basics Low-Back, Upholstered Mesh, Adjustable, Swivel Computer Office Desk Chair, Black",$65.93,https://m.media-amazon.com/images/I/71yxAKCrQrL._AC_UL320_.jpg,4.5 out of 5 stars,"18,670",https://www.amazon.com/AmazonBasics-Low-Back-Computer-Chair-Black/dp/B01D7P5BFS/ref=sr_1_41?keywords=chairs&qid=1662880427&sr=8-41
"AmazonCommercial Ergonomic Executive Office Desk Chair with Flip-up Armrests - Adjustable Height, Tilt and Lumbar Support - Black Bonded Leather",$278.28,https://m.media-amazon.com/images/I/81zthdYgbjL._AC_UL320_.jpg,4.3 out of 5 stars,"2,448",https://www.amazon.com/AmazonCommercial-Ergonomic-High-Back-Rhombus-Stitched-Executive/dp/B07V5WKJM4/ref=sr_1_42?keywords=chairs&qid=1662880427&sr=8-42
"Baxton Studio BBT8013-Grey Chair armchairs, Grey, 27.11 x 29.45 x 32.96",$168.10,https://m.media-amazon.com/images/I/81CMY-MNnyL._AC_UL320_.jpg,4.4 out of 5 stars,"1,245",https://www.amazon.com/Baxton-Studio-Mid-Century-Upholstered-Chair/dp/B019516WR4/ref=sr_1_43?keywords=chairs&qid=1662880427&sr=8-43
Mainstay Butterfly Chair in Teal Faux Fur Finish,$51.50,https://m.media-amazon.com/images/I/91o+SvPM0xL._AC_UL320_.jpg,4.4 out of 5 stars,593,https://www.amazon.com/Mainstay-Butterfly-Chair-Grey-Finish/dp/B081ZWJHW4/ref=sr_1_44?keywords=chairs&qid=1662880427&sr=8-44
"Armen Living Summer Chair in Charcoal Fabric and Walnut Wood Finish, 31"" x 25"" x 22""",$102.00,https://m.media-amazon.com/images/I/81fNYhjJPBL._AC_UL320_.jpg,4.5 out of 5 stars,"2,125",https://www.amazon.com/Armen-Living-LCSUCHWACH-Summer-Charcoal/dp/B015ETINHS/ref=sr_1_45?keywords=chairs&qid=1662880427&sr=8-45
"Home Office Chair Ergonomic Desk Chair Mid-Back Mesh Computer Chair Lumbar Support Comfortable Executive Adjustable Rolling Swivel Task Chair with Armrests,Black",$33.99,https://m.media-amazon.com/images/I/71LIaGhKn9S._AC_UL320_.jpg,4.2 out of 5 stars,"9,185",https://www.amazon.com/Home-Office-Chair-Comfortable-Adjustable/dp/B08P8JKN6J/ref=sr_1_46_mod_primary_new?keywords=chairs&qid=1662880427&sbo=RZvfv%2F%2FHxDF%2BO5021pAnSA%3D%3D&sr=8-46
Neo Chair Office Chair Computer Desk Chair Gaming - Ergonomic High Back Cushion Lumbar Support with Wheels Comfortable Black Leather Racing Seat Adjustable Swivel Rolling Home Executive,$119.98,https://m.media-amazon.com/images/I/612n5M3imtL._AC_UL320_.jpg,4.2 out of 5 stars,"8,403",https://www.amazon.com/NEO-CHAIR-Executive-Leather-Computer/dp/B07DFBG7FP/ref=sr_1_47?keywords=chairs&qid=1662880427&sr=8-47
"GTPLAYER Gaming Chair, Computer with Footrest and Lumbar Support Height Adjustable with 360°-Swivel Seat and Headrest for Office or Gaming (White)",$99.99,https://m.media-amazon.com/images/I/61D57mRs3tL._AC_UL320_.jpg,4.3 out of 5 stars,"2,330",https://www.amazon.com/GTPLAYER-Computer-Footrest-Adjustable-360%C2%B0-Swivel/dp/B0BBPRZHRX/ref=sr_1_48?keywords=chairs&qid=1662880427&sr=8-48
"Home Office Desk Chair, Modern Adjustable Low Back Rolling Chair Twill Fabric Upholstered Chair Armless Cute Chair with Wheels for Bedroom, Classroom, and Vanity Room (Green)",$89.99,https://m.media-amazon.com/images/I/61YjhIUiqhL._AC_UL320_.jpg,4.5 out of 5 stars,"1,011",https://www.amazon.com/Adjustable-Rolling-Upholstered-Armless-Classroom/dp/B09FTBNHCJ/ref=sr_1_49?keywords=chairs&qid=1662880427&sr=8-49
"Accent Chair, Full Leather Chair, Mid Century Modern Chair Retro Armchair with Wood Frames Upholstered Removable Cushions, Leisure Slipper Chair, for Living Room Bedroom",$499.99,https://m.media-amazon.com/images/I/81LRX0Gd-DL._AC_UL320_.jpg,4.9 out of 5 stars,14,https://www.amazon.com/Leather-Armchair-Upholstered-Removable-Cushions/dp/B0B5DJ5VF3/ref=sr_1_50?keywords=chairs&qid=1662880427&sr=8-50
"Christopher Knight Home Evelyn Mid Century Modern Fabric Arm Chair, Dark Gray, Walnut",$236.45,https://m.media-amazon.com/images/I/81Stv6ruWuL._AC_UL320_.jpg,4.4 out of 5 stars,656,https://www.amazon.com/Evelyn-Century-Modern-Fabric-Chair/dp/B07F25J3KX/ref=sr_1_51?keywords=chairs&qid=1662880427&sr=8-51
Yongqiang Upholstered Accent Chair for Bedroom Living Room Chairs Lounge Chair with Wood Legs Cream Fabric,$169.99,https://m.media-amazon.com/images/I/71UBmQV1tRL._AC_UL320_.jpg,4.4 out of 5 stars,"1,248",https://www.amazon.com/Yongqiang-Upholstered-Bedroom-Living-Chairs/dp/B08DWS5K4Y/ref=sr_1_52?keywords=chairs&qid=1662880427&sr=8-52
"Sytas Home Office Chair Ergonomic, mesh Desk Chair Lumbar Support, Ergonomic Computer Chair Adjustable armrest",$139.99,https://m.media-amazon.com/images/I/61YwCl3ejNL._AC_UL320_.jpg,4.2 out of 5 stars,890,https://www.amazon.com/Sytas-Ergonomic-Comfortable-90%C2%B0Flip-up-Adjustable/dp/B09BB6LZNK/ref=sr_1_53?keywords=chairs&qid=1662880427&sr=8-53
"Office Gaming Chair, PU Leather Computer Chair, Comfortable Swivel Task Home Office Desk Chair High Back with Adjustable Footrest, Black/Red",$99.99,https://m.media-amazon.com/images/I/51hcwpXLzUL._AC_UL320_.jpg,4.3 out of 5 stars,196,https://www.amazon.com/Gaming-Chair-Comfortable-Adjustable-Footrest/dp/B09WMV1YSS/ref=sr_1_54?keywords=chairs&qid=1662880427&sr=8-54
"CangLong Mid Century Modern DSW Side Chair with Wood Legs for Kitchen, Living Dining Room, Pack of 1, White",$79.99,https://m.media-amazon.com/images/I/51yifZpYZUL._AC_UL320_.jpg,4.5 out of 5 stars,"2,052",https://www.amazon.com/gp/slredirect/picassoRedirect.html/ref=pa_sp_btf_aps_sr_pg1_1?ie=UTF8&adId=A02539061CWJ9RMELMU1S&url=%2FCangLong-Century-Modern-Kitchen-Living%2Fdp%2FB082FGQKVL%2Fref%3Dsr_1_55_sspa%3Fkeywords%3Dchairs%26qid%3D1662880427%26sr%3D8-55-spons%26psc%3D1&qualifier=1662880427&id=3740966683477972&widgetName=sp_btf
"EBELLO Ergonomic Office Chair Desk Chair Computer Chair High Back Mesh Office Chairs Back Support Home Office Desk Chairs with Lumbar Support and Headrest, Height Adjustable, 280 lbs, Grey",$189.97,https://m.media-amazon.com/images/I/719r62JUntL._AC_UL320_.jpg,,,https://www.amazon.com/gp/slredirect/picassoRedirect.html/ref=pa_sp_btf_aps_sr_pg1_1?ie=UTF8&adId=A01520212L3W0G18XCN6E&url=%2FEBELLO-Ergonomic-Computer-Headrest-Adjustable%2Fdp%2FB0BCF3PNNF%2Fref%3Dsr_1_56_sspa%3Fkeywords%3Dchairs%26qid%3D1662880427%26sr%3D8-56-spons%26psc%3D1&qualifier=1662880427&id=3740966683477972&widgetName=sp_btf
Devoko Office Reception Chairs Executive Leather Guest Chairs with Armrest Ergonomic Upholstered Lumber Support Side Chairs Set of 2,$111.99,https://m.media-amazon.com/images/I/61JCCY8yiNL._AC_UL320_.jpg,4.4 out of 5 stars,624,https://www.amazon.com/gp/slredirect/picassoRedirect.html/ref=pa_sp_btf_aps_sr_pg1_1?ie=UTF8&adId=A06047313PXM35NKN7LNQ&url=%2FDevoko-Reception-Executive-Ergonomic-Upholstered%2Fdp%2FB07L2S5XGF%2Fref%3Dsr_1_57_sspa%3Fkeywords%3Dchairs%26qid%3D1662880427%26sr%3D8-57-spons%26psc%3D1&qualifier=1662880427&id=3740966683477972&widgetName=sp_btf
"KERMS Padded High-Back Office Computer Desk Chair, Reclining Swivel Managerial Chair with Adjustable Headrest and Lumbar Support (Blue)",$174.99,https://m.media-amazon.com/images/I/61LRj8XUNgL._AC_UL320_.jpg,,,https://www.amazon.com/gp/slredirect/picassoRedirect.html/ref=pa_sp_btf_aps_sr_pg1_1?ie=UTF8&adId=A0489815HYWV3MRMCP99&url=%2FKERMS-High-Back-Reclining-Managerial-Adjustable%2Fdp%2FB0B9LBYS2J%2Fref%3Dsr_1_58_sspa%3Fkeywords%3Dchairs%26qid%3D1662880427%26sr%3D8-58-spons%26psc%3D1&qualifier=1662880427&id=3740966683477972&widgetName=sp_btf
The Swivel by Nurture& | Premium Glider Swivel Chair for Nursery or Living Room with Built-in USB Charger and Stain-Resistant Performance Fabric (Ivory),$799.00,https://m.media-amazon.com/images/I/51saTzkVoCL._AC_UL320_.jpg,4.5 out of 5 stars,19,https://www.amazon.com/gp/slredirect/picassoRedirect.html/ref=pa_sp_btf_aps_sr_pg1_1?ie=UTF8&adId=A06739202C61MN3PAGAH1&url=%2FNurture-Premium-Nursery-Stain-Resistant-Performance%2Fdp%2FB09G5884LT%2Fref%3Dsr_1_59_sspa%3Fkeywords%3Dchairs%26qid%3D1662880427%26sr%3D8-59-spons%26psc%3D1&qualifier=1662880427&id=3740966683477972&widgetName=sp_btf
"Giantex 4-Pack Folding Chairs with Metal Frame and Fabric Upholstered Padded Seat, Foldable Home Office Party Chair Set (Grey)",$199.99,https://m.media-amazon.com/images/I/71RSVNNuvmL._AC_UL320_.jpg,4.4 out of 5 stars,78,https://www.amazon.com/gp/slredirect/picassoRedirect.html/ref=pa_sp_btf_aps_sr_pg1_1?ie=UTF8&adId=A0759075XSH2GV8F6K5G&url=%2FGiantex-4-Pack-Folding-Upholstered-Foldable%2Fdp%2FB06Y2T4L6F%2Fref%3Dsr_1_60_sspa%3Fkeywords%3Dchairs%26qid%3D1662880427%26sr%3D8-60-spons%26psc%3D1&qualifier=1662880427&id=3740966683477972&widgetName=sp_btf
