Description,Link,Price,ImageLink,Rating
"Furinno Just 3-Tier Turn-N-Tube End Table / Side Table / Night Stand / Bedside Table with Plastic Poles, 1-Pack, Columbia Walnut/Black",https://www.amazon.com/Furinno-Turn-N-Tube-Bedside-Plastic-Columbia/dp/B07FKX3H1H/ref=sr_1_1?keywords=Table&qid=1662908155&sr=8-1,$21.88,https://m.media-amazon.com/images/I/71fIsr+PutL._AC_UL320_.jpg,4.5 out of 5 stars
"COSCO Deluxe 6 foot x 30 inch Fold-in-Half Blow Molded Folding Table, Black",https://www.amazon.com/Cosco-14678BLK1-Deluxe-Folding-Rectangle/dp/B00DOZTM3O/ref=sr_1_2?keywords=Table&qid=1662908155&sr=8-2,$74.41,https://m.media-amazon.com/images/I/61o-HmSlBLL._AC_UL320_.jpg,4.7 out of 5 stars
"Cubiker Computer Desk 40 inch Home Office Writing Study Desk, Modern Simple Style Laptop Table with Storage Bag, Black",https://www.amazon.com/Cubiker-Writing-Computer-Office-Storage/dp/B07ZRMS16C/ref=sr_1_3?keywords=Table&qid=1662908155&sr=8-3,$69.99,https://m.media-amazon.com/images/I/61mJEF6NpWS._AC_UL320_.jpg,4.6 out of 5 stars
"Snack Side Table, C Shaped Table with Storage Basket, Sofa Table with Metal Frames, Small Snack Tables for Living Room, Bedroom, Rustic Brown",https://www.amazon.com/Shaped-Storage-Basket-Frames-Bedroom/dp/B09MVVBFGX/ref=sr_1_4?keywords=Table&qid=1662908155&sr=8-4,$39.99,https://m.media-amazon.com/images/I/71MdYBG9pTL._AC_UL320_.jpg,4.6 out of 5 stars
"LUFEIYA Small Computer Desk Study Table for Small Spaces Home Office 31 Inch Rustic Student Laptop PC Writing Desks with Storage Bag Headphone Hook,Brown",https://www.amazon.com/Computer-Spaces-Student-Writing-Storage/dp/B08FHRWY3W/ref=sr_1_5?keywords=Table&qid=1662908155&sr=8-5,$69.89,https://m.media-amazon.com/images/I/71zW7KoVnBL._AC_UL320_.jpg,4.6 out of 5 stars
"Homall L Shaped Gaming Desk Computer Corner Desk Pc Gaming Desk Table with Large Monitor Riser Stand for Home Office Sturdy Writing Workstation (Black)",https://www.amazon.com/Homall-Computer-Monitor-Writing-Workstation/dp/B08XQ4FQTP/ref=sr_1_6?keywords=Table&qid=1662908155&sr=8-6,$89.99,https://m.media-amazon.com/images/I/71duv9a2mqL._AC_UL320_.jpg,4.5 out of 5 stars
"ZINUS Jennifer 55 Inch White Frame Desk / Computer Workstation / Office Desk / Dining Table / Easy Assembly, Natural",https://www.amazon.com/Zinus-Jennifer-Collection-Rectangular-Computer/dp/B075F9KTQW/ref=sr_1_7?keywords=Table&qid=1662908155&sr=8-7,$80.63,https://m.media-amazon.com/images/I/31u4CmGJx5L._AC_UL320_.jpg,4.7 out of 5 stars
"SUPER DEAL 2-Tier Industrial Coffee Table with Storage Shelf for Small Apartment Living Room, Rectangle Wood and Stable Metal TV Stand Side End Table, Rustic Brown",https://www.amazon.com/SUPER-DEAL-Storage-Apartment-Rectangle/dp/B08N4TDMF4/ref=sr_1_8?keywords=Table&qid=1662908155&sr=8-8,$59.99,https://m.media-amazon.com/images/I/71rI9AJDLWS._AC_UL320_.jpg,4.6 out of 5 stars
"Folding Table 4FT Picnic Table Adjustable Height Plastic Table Camping Table Office Table for Home Office Party Picnic",https://www.amazon.com/Folding-Table-Adjustable-Plastic-Camping/dp/B0B8785319/ref=sr_1_9?keywords=Table&qid=1662908155&sr=8-9,$29.99,https://m.media-amazon.com/images/I/61YteP6XTpL._AC_UL320_.jpg,4.5 out of 5 stars
"HOOBRO Side Table, 3-Tier Narrow End Table, Nightstand with 2 Flat or Slant Adjustable Shelves for Small Spaces, Hallway, Living Room, Bedroom, Sturdy, Easy Assembly, Rustic Brown and Black BF23BZ01",https://www.amazon.com/HOOBRO-Nightstand-Adjustable-Assembly-BF23BZ01/dp/B086KWJXLC/ref=sr_1_10?keywords=Table&qid=1662908155&sr=8-10,$59.99,https://m.media-amazon.com/images/I/71ho9v8OqUL._AC_UL320_.jpg,4.7 out of 5 stars
"SHW Home Office 32-Inch Computer Desk, Black",https://www.amazon.com/SHW-Office-32-Inch-Computer-Black/dp/B09HJFV688/ref=sr_1_11?keywords=Table&qid=1662908155&sr=8-11,$56.87,https://m.media-amazon.com/images/I/71UcmmrHqJL._AC_UL320_.jpg,4.6 out of 5 stars
"FURINNO Simplistic Study Table, Espresso",https://www.amazon.com/Furinno-14035EX-Study-Table-Espresso/dp/B00NIYX9LC/ref=sr_1_12?keywords=Table&qid=1662908155&sr=8-12,$30.03,https://m.media-amazon.com/images/I/61SmnGmivfL._AC_UL320_.jpg,4.2 out of 5 stars
"Furologee Console Table with 2 Drawers, Industrial Sofa Table, Entryway Table with 3-Tier Storage Shelves, Narrow Accent Table Metal Frame for Living Room/Entryway/Hallway, Rustic Drown",https://www.amazon.com/Furologee-Console-Drawers-Industrial-Entryway/dp/B097DN5MFJ/ref=sr_1_13?keywords=Table&qid=1662908155&sr=8-13,$85.99,https://m.media-amazon.com/images/I/812uoobzvrL._AC_UL320_.jpg,4.5 out of 5 stars
"Homsee Home Office Computer Desk Corner Desk with 3 Drawers and 2 Shelves, 55 Inch Large L-Shaped Study Writing Table with Storage Cabinet - White",https://www.amazon.com/Homsee-Computer-Drawers-Shelves-L-Shaped/dp/B09HBZMR4B/ref=sr_1_14?keywords=Table&qid=1662908155&sr=8-14,$279.99,https://m.media-amazon.com/images/I/71bNR63vchL._AC_UL320_.jpg,4.6 out of 5 stars
"White-Vanity-Desk with 2 Drawers, White/Gold Home-Office-Desks Glossy Desktop Makeup-Vanity-Table Modern Writing Computer Standing Desk with Wood Top and Metal Frame for Home Office Bedroom Furniture",https://www.amazon.com/White-Vanity-Desk-Home-Office-Desks-Makeup-Vanity-Table-Standing-Furniture/dp/B08RHWN4L5/ref=sr_1_15?keywords=Table&qid=1662908155&sr=8-15,$179.00,https://m.media-amazon.com/images/I/61kUE+zqFaL._AC_UL320_.jpg,4.6 out of 5 stars
"Cubicubi Computer Desk 40"" Home Office Laptop Desk Study Writing Table, Modern Simple Style, Brown",https://www.amazon.com/Cubicubi-Computer-Office-Laptop-Writing/dp/B08BXVYBHV/ref=sr_1_16?keywords=Table&qid=1662908155&sr=8-16,$64.99,https://m.media-amazon.com/images/I/71wqSaDmGxL._AC_UL320_.jpg,4.5 out of 5 stars
"ODK Computer Writing Desk 39 inch, Sturdy Home Office Table, Work Desk with A Storage Bag and Headphone Hook, Espresso Gray",https://www.amazon.com/ODK-Computer-Writing-Headphone-Espresso/dp/B088ZGNN33/ref=sr_1_17?keywords=Table&qid=1662908155&sr=8-17,$79.99,https://m.media-amazon.com/images/I/71buykYelJS._AC_UL320_.jpg,4.5 out of 5 stars
"Furinno Simplistic Set of 2 End Table, French Oak Grey/Black",https://www.amazon.com/FURINNO-Simplistic-Table-French-Black/dp/B07FMR8RM7/ref=sr_1_18?keywords=Table&qid=1662908155&sr=8-18,$24.98,https://m.media-amazon.com/images/I/710nX3ETZ4S._AC_UL320_.jpg,4.3 out of 5 stars
"VASAGLE Tall Side Table, End Table with Storage Shelves, 3-Tier Slim Table, Steel Frame, for Living Room, Study, Bedroom, Industrial, Rustic Brown and Black ULET273B01",https://www.amazon.com/VASAGLE-Storage-Shelves-Industrial-ULET273B01/dp/B08JV2MTWZ/ref=sr_1_19?keywords=Table&qid=1662908155&sr=8-19,$39.99,https://m.media-amazon.com/images/I/71+auQYNfzS._AC_UL320_.jpg,4.6 out of 5 stars
"Cubiker Modern L-Shaped Computer Office Desk, Corner Gaming Desk with Monitor Stand, Home Office Study Writing Table Workstation for Small Spaces",https://www.amazon.com/Cubiker-L-Shaped-Computer-Monitor-Workstation/dp/B08BXRK95X/ref=sr_1_20?keywords=Table&qid=1662908155&sr=8-20,$149.99,https://m.media-amazon.com/images/I/71bqvwN5BTL._AC_UL320_.jpg,4.6 out of 5 stars
"Engriy Computer Desk with 4 Tier Shelves for Home Office, 47"" Writing Study Table with Bookshelf and 2 Hooks, Multipurpose Industrial Wood Desk Workstation with Metal Frame for PC Laptop, Rustic Brown",https://www.amazon.com/Engriy-Bookshelf-Multipurpose-Industrial-Workstation/dp/B08D34W92S/ref=sr_1_21?keywords=Table&qid=1662908155&sr=8-21,$109.99,https://m.media-amazon.com/images/I/71sCZK6UaIL._AC_UL320_.jpg,4.5 out of 5 stars
"Lifetime Height Adjustable Craft Camping and Utility Folding Table, 4 Foot, 4'/48 x 24, White Granite",https://www.amazon.com/Lifetime-4428-Adjustable-Folding-Utility/dp/B003YJPC2A/ref=sr_1_22?keywords=Table&qid=1662908155&sr=8-22,$45.98,https://m.media-amazon.com/images/I/61hcaavAO8L._AC_UL320_.jpg,4.7 out of 5 stars
"Furinno Efficient Home Laptop Notebook Computer Desk with Square Shelves, Black/Grey",https://www.amazon.com/Furinno-11192BK-GY-Efficient-Computer/dp/B006G2Z8IU/ref=sr_1_23?keywords=Table&qid=1662908155&sr=8-23,$27.98,https://m.media-amazon.com/images/I/61YP7gokGVL._AC_UL320_.jpg,4.2 out of 5 stars
"Small L Shaped Computer Desk, Homieasy 47 Inch L-Shaped Corner Desk with Reversible Storage Shelves for Home Office Workstation, Modern Simple Style Writing Desk Table with Storage Bag(Rustic Brown)",https://www.amazon.com/Computer-Homieasy-L-Shaped-Reversible-Workstation/dp/B08RYPPT82/ref=sr_1_24?keywords=Table&qid=1662908155&sr=8-24,$107.99,https://m.media-amazon.com/images/I/81lbB-EJ4-L._AC_UL320_.jpg,4.4 out of 5 stars
"eHemco Multifunctional Rectangular Desk, Black Top and Silver Legs",https://www.amazon.com/eHemco-Study-Table-Printer-Laptop/dp/B01INUA6HK/ref=sr_1_25?keywords=Table&qid=1662908155&sr=8-25,$39.99,https://m.media-amazon.com/images/I/61RvRwaEbeL._AC_UL320_.jpg,4.7 out of 5 stars
"AWQM Dining Room Table Set, Kitchen Table Set with 2 Benches, Ideal for Home, Kitchen and Dining Room, Breakfast Table of 43.3x23.6x28.5 inches, Benches of 38.5x11.8x17.5 inches, Rustic Brown",https://www.amazon.com/AWQM-Kitchen-Breakfast-43-3x23-6x28-5-38-5x11-8x17-5/dp/B097PS7X83/ref=sr_1_26?keywords=Table&qid=1662908155&sr=8-26,$176.93,https://m.media-amazon.com/images/I/91ihKm9IbRL._AC_UL320_.jpg,4.3 out of 5 stars
"SUPERJARE Bar Table Set with 2 Bar Stools, Pub Dining Height Table Set, 3 Pieces Kitchen Counter Set, Vintage Industrial Furniture for Living Room - Rustic Brown",https://www.amazon.com/SUPERJARE-Kitchen-Counter-Industrial-Furniture/dp/B092CRZ589/ref=sr_1_27?keywords=Table&qid=1662908155&sr=8-27,$99.99,https://m.media-amazon.com/images/I/71gITNurbqL._AC_UL320_.jpg,4.4 out of 5 stars
"VECELO 34'' Portable Folding Card Table Square with Collapsible Legs & Vinyl Upholstery, Metal, 1 Piece, BLK",https://www.amazon.com/VECELO-Folding-Table-Collapsible-Upholstery/dp/B0B7X48NNN/ref=sr_1_28?keywords=Table&qid=1662908155&sr=8-28,$49.80,https://m.media-amazon.com/images/I/51QBQM4cavL._AC_UL320_.jpg,4.3 out of 5 stars
"Sauder North Avenue Coffee Table, Charter Oak finish",https://www.amazon.com/Sauder-420275-North-Avenue-Coffee/dp/B01K6PLW4Q/ref=sr_1_29?keywords=Table&qid=1662908155&sr=8-29,$50.99,https://m.media-amazon.com/images/I/71Z+TfZ9n8L._AC_UL320_.jpg,4.6 out of 5 stars
"Modway Lippa 60"" Mid-Century Dining Table with Round Artificial Marble Top in Gold White",https://www.amazon.com/Modway-EEI-3234-GLD-WHI-Lippa-Round-Dining/dp/B07M8DJJR8/ref=sr_1_30?keywords=Table&qid=1662908155&sr=8-30,$1,642.13,https://m.media-amazon.com/images/I/81182ACQVNL._AC_UL320_.jpg,4.4 out of 5 stars
"End Table,Industrial Retro Side Table Nightstand Storage Shelf for Living Room Bedroom Kitchen Family and Office,Stable Wood and Metal Frame, Patent Pending(Greige & Black)",https://www.amazon.com/Industrial-Nightstand-Storage-Bedroom-Kitchen/dp/B0948WQW4B/ref=sr_1_31?keywords=Table&qid=1662908155&sr=8-31,$49.99,https://m.media-amazon.com/images/I/71cYXV3UZ2L._AC_UL320_.jpg,4.7 out of 5 stars
"VASAGLE Computer Writing Desk, 39 Inch Office Study Table, Work from Home, with 8 Hooks, Metal Frame, Industrial, 39.4"", Walnut Brown",https://www.amazon.com/VASAGLE-Computer-Assembly-Industrial-ULWD045B08/dp/B08JLZ9NB3/ref=sr_1_32?keywords=Table&qid=1662908155&sr=8-32,$59.99,https://m.media-amazon.com/images/I/71+ONvhoJfL._AC_UL320_.jpg,4.7 out of 5 stars
"40"" Sturdy and Durable Plastic Adjustable Height Fold-in-Half Folding Table, Rich for Everyday Use Both Indoors and Outdoors, Black",https://www.amazon.com/Durable-Plastic-Adjustable-Everyday-Outdoors/dp/B0B6B86CRF/ref=sr_1_33?keywords=Table&qid=1662908155&sr=8-33,$44.99,https://m.media-amazon.com/images/I/41uSlyIhpPL._AC_UL320_.jpg,5.0 out of 5 stars
"Tribesigns Computer Desk, 55 inch Large Office Desk Computer Table Study Writing Desk Workstation for Home Office, Rustic Brown",https://www.amazon.com/Tribesigns-Computer-Office-Writing-Workstation/dp/B082KJPXK6/ref=sr_1_34?keywords=Table&qid=1662908155&sr=8-34,$158.99,https://m.media-amazon.com/images/I/51RFb+haBxL._AC_UL320_.jpg,4.5 out of 5 stars
"FEZIBO Height Adjustable Electric Standing Desk with 4 Drawers, 55 x 24 Inch Table with Storage Shelf, Sit Stand Desk with Splice Board, Black Frame/Rustic Brown Top, 55 inch",https://www.amazon.com/FEZIBO-Adjustable-Electric-Standing-Drawers/dp/B09F6X38FL/ref=sr_1_35?keywords=Table&qid=1662908155&sr=8-35,$499.99,https://m.media-amazon.com/images/I/81j8BmBytPL._AC_UL320_.jpg,4.4 out of 5 stars
"Christopher Knight Home Della Acacia Wood Dining Table, Natural Stained with Rustic Metal, 32.25 in x 69 in x 29.5 in",https://www.amazon.com/Daria-Natural-Stained-Acacia-Dining/dp/B01GP0FTZE/ref=sr_1_36?keywords=Table&qid=1662908155&sr=8-36,$258.99,https://m.media-amazon.com/images/I/61qPwP8JC7L._AC_UL320_.jpg,4.6 out of 5 stars
"6 Foot Centerfold Folding Table, White",https://www.amazon.com/Foot-Centerfold-Folding-Table-White/dp/B08X31RF8P/ref=sr_1_37?keywords=Table&qid=1662908155&sr=8-37,$74.00,https://m.media-amazon.com/images/I/61P5MsyefoL._AC_UL320_.jpg,4.6 out of 5 stars
"Amazon Basics Round Storage End Table, Side Table with Cloth Basket - White/Heather Gray, 19 x 18 x 18 Inches",https://www.amazon.com/AmazonBasics-Round-Storage-End-Table/dp/B07TWXS5Y6/ref=sr_1_38?keywords=Table&qid=1662908155&sr=8-38,$31.44,https://m.media-amazon.com/images/I/71bLf-pRNRL._AC_UL320_.jpg,4.4 out of 5 stars
"CubiCubi Study Computer Desk 47"" Home Office Writing Small Desk, Modern Simple Style PC Table, Black Metal Frame, Rustic Brown",https://www.amazon.com/CubiCubi-Computer-Writing-Office-Industrial/dp/B082F1J9B8/ref=sr_1_39?keywords=Table&qid=1662908155&sr=8-39,$99.99,https://m.media-amazon.com/images/I/81tB3XDly0L._AC_UL320_.jpg,4.7 out of 5 stars
"Cubiker Computer Home Office Desk with Drawers, 47 Inch Small Desk Study Writing Table, Modern Simple PC Desk, Black",https://www.amazon.com/Cubiker-Computer-Office-Writing-Drawer/dp/B08BXSZ4LC/ref=sr_1_40?keywords=Table&qid=1662908155&sr=8-40,$129.99,https://m.media-amazon.com/images/I/718f9eepKyL._AC_UL320_.jpg,4.5 out of 5 stars
"Zinus Juliet Espresso Wood Dining Table / Table Only",https://www.amazon.com/Zinus-Espresso-Wood-Dining-Table/dp/B07117CWTR/ref=sr_1_41?keywords=Table&qid=1662908155&sr=8-41,$120.48,https://m.media-amazon.com/images/I/61bK0dnPwfL._AC_UL320_.jpg,4.5 out of 5 stars
"Unikito L Shaped Desk with USB Charging Port and Power Outlet, Reversible L-Shaped Corner Computer Desks with Storage Shelves, Industrial 2 Person Gaming Table Modern Home Office Desk, Rustic Brown",https://www.amazon.com/Unikito-Charging-Reversible-L-Shaped-Industrial/dp/B0B3CVJLC1/ref=sr_1_42?keywords=Table&qid=1662908155&sr=8-42,$199.99,https://m.media-amazon.com/images/I/81UTjzFNF0L._AC_UL320_.jpg,4.3 out of 5 stars
"VASAGLE Folding Dining Table, Drop Leaf Extendable, for Small Spaces, Seats 2-4 People, Industrial, 33.3 x 30.7 x 30 Inches,Brown",https://www.amazon.com/VASAGLE-Dining-Table-UKDT077B01/dp/B08LYK1N18/ref=sr_1_43?keywords=Table&qid=1662908155&sr=8-43,$216.16,https://m.media-amazon.com/images/I/71HYfQK1xzS._AC_UL320_.jpg,4.6 out of 5 stars
"Ecoprsio L-Shaped Desk Large L Shaped Gaming Desk with Storage Shelves Oak Corner Desk Writing Study Table for Home Office Gaming Workstation, Oak and Black",https://www.amazon.com/Ecoprsio-L-Shaped-Storage-Shelves-Workstation/dp/B08SJW6DCG/ref=sr_1_44?keywords=Table&qid=1662908155&sr=8-44,$134.99,https://m.media-amazon.com/images/I/713Zb8I6JPL._AC_UL320_.jpg,4.2 out of 5 stars
"Cubiker Modern L-Shaped Computer Office Desk, Corner Gaming Desk with Monitor Stand, Home Office Study Writing Table Workstation for Small Spaces, Black",https://www.amazon.com/Cubiker-L-Shaped-Computer-Monitor-Workstation/dp/B08211MDK7/ref=sr_1_45?keywords=Table&qid=1662908155&sr=8-45,$119.99,https://m.media-amazon.com/images/I/814MeDFnSoL._AC_UL320_.jpg,4.6 out of 5 stars
"Weehom Computer Desk 39"" Small Desk for Home Office Study Writing Laptop Dining Table for Small Spaces",https://www.amazon.com/WeeHom-Computer-Student-Economic-Workstation/dp/B086L1JB17/ref=sr_1_46?keywords=Table&qid=1662908155&sr=8-46,$72.99,https://m.media-amazon.com/images/I/51CYWT53SJL._AC_UL320_.jpg,4.6 out of 5 stars
"LUFEIYA L Shaped Computer Desk Corner Office L-Shaped Desks for Small Space Home Student Study Bedroom Writing Table, 51 Inch with Monitor Stand Rustic",https://www.amazon.com/LUFEIYA-Computer-L-Shaped-Student-Bedroom/dp/B08L787Y8Z/ref=sr_1_47?keywords=Table&qid=1662908155&smid=A1G57VOI7NPB74&sr=8-47,$101.88,https://m.media-amazon.com/images/I/71Brcatx2-L._AC_UL320_.jpg,4.5 out of 5 stars
"BELLEZE Modern 47 Inch Home Office Computer Laptop Writing Desk or Study Table Workstation with Simple Design, Wood Top, and White Metal Frame - Barton (Rustic Oak)",https://www.amazon.com/BELLEZE-Modern-Computer-Writing-Workstation/dp/B092M141F6/ref=sr_1_48?keywords=Table&qid=1662908155&sr=8-48,$65.99,https://m.media-amazon.com/images/I/91L+qsELTyL._AC_UL320_.jpg,4.6 out of 5 stars